src,VID_Candidate,Prediction
"""And in particular, you look at the $3 trillion bill she's trying to push, it's just shoveling money to her friends and not actually solving the problem.  Our objective should be Americans want to get back to work.  They want to be able to provide for their family.""",provide for [pron] family,positive
"""And in particular, you look at the $3 trillion bill she's trying to push, it's just shoveling money to her friends and not actually solving the problem. Our objective should be Americans want to get back to work. They want to be able to provide for their family.""",provide for [pron] family,positive
"""Currently we are targeting young people 18 to 24 years. For the young people that's the age bracket we are looking at but of course any one above 18 and it's because we do not have evidence of children by the Constitution but as more evidence unfolds we are going to get there. For the men, we give the kit to the mother and they take it to the partner, key and priority populations such sex workers,"" Mr Geoffrey Tasi, the technical officer-in-charge of HIV testing services, said yesterday.",take it,positive
"""Did you have to drag us along as well?"" Tenuk snapped as he climbed off Thassalin's back, sliding down his tail. ""And we left Retvik behind! We abandoned our big, strong, fighty guy! How is he going to get to us?""",get to [pron],positive
"""Here you walk outside and it's like somebody put a heater on you. I guess that is why they are doing it at night.""",put on [pron],positive
"""I APOLOGIZE BUT I PICKED UP A SCENT. I HAD TO DEAL WITH IT!""",deal with [pron],positive
"""I think he took it as best as you could expect,"" said Doug Durham, one of Haskell's defense attorneys, according to the station. ""He was aware that this was a strong possibility.""",take it,positive
"""I thought about asking, and I thought about even using audio footage - that we have to come up with something - and in the end I didn't ask, and I just thought, 'I'm going to respect her new life and not put her in the position of having to ask'.",come up,positive
"""I thought my elder brother and I cannot afford the college study after my father passed away. It never occurred to me before the county government helped us so timely."" She said gratefully.",occur to [pron],positive
"""I watched Renaissance Club being built, and we're seeing it come to its glory with this event,"" said Rafferty.",come to [pron] glory,positive
"""I wish I could trade places with you son, I wish I could trade places with you,"" Guy Alford, the victim's father, said.",trade with [pron] son,positive
"""I'll have a rest for a bit now and come back for next season ready to go. Fortunately I don't feel my age, my legs are still fine and touch wood I don't pick up many injuries, so it's about keeping on top of that and come back as strong as I can next year.""",touch wood,positive
"""In order not to miss this connection at least, they agreed with her that they would count out loud,"" the spokesman said.",agree with [pron],positive
"""It is not an easy task to get it there, but I would probably only view myself as being successful here if I can get the club back there.""",get it,positive
"""It never occurred to me that the Mexican audience were so enthusiastic. I had some worries about whether they could understand the story, but it was beyond my expectation to see them catch the story and the laughter today.",occur to [pron],positive
"""It was just trying to get into that position, to get on the ball and players like Shaq always play it forward as much as possible, so I just tried to create myself as much time as possible,"" Sturridge told LiverpoolFC.com.",play it,positive
"""It's clear we are going to completely break up this group,"" Duque said in a statement from the United States, where he traveled for the United Nations General Assembly this week.",break up,positive
"""It's just not about the committee vote or the final vote or whether Kavanaugh is put on the bench, it's also about the way Republicans have handled this and how they have treated her,"" Guy Cecil, director of Priorities USA, a group that helps to elect Democrats, pointed out to the news channel.",put on the bench,positive
"""It's time for women to go to Washington and fix our broken government and that includes a woman at the top,"" she said, according to The Hill.",go to washington,positive
"""It's very rare for this type of thing to come up,"" he said.",come up,positive
"""Later, we'll take it off the judge's salary,"" the Kremlin critic joked on Twitter.",take it,positive
"""Mexico is going to hell, and that's why I became a reporter,"" he said.",go to hell,positive
"""My wife writes down the numbers for me during the drawing,"" Lancaster said. ""When she handed me the paper, so I could check my ticket, I couldn't believe it. One of my lines matched five numbers and the other ones matched four numbers. I started shouting, 'I got it! I got it! I hit the lottery!'""",get it,positive
"""Nad was calling regularly to say it was really bad, that she wasn't expected to make it,"" said Mrs Ednan-Laperouse.",make it,positive
"""That [1 percent cut] is supposed to be motivation and leverage to get 12 separate bills done,"" Massie told Newsweek. ""So, I think we could do a one-year CR, we can argue, and then we hit that tiny little bump in the road, then hopefully everybody's motivated to come to their senses. That's the way I would do it.""",come to [pron] sense,positive
"""That's what this astonishing ship will be here to do, to find out the facts and find the science with which to deal with problems that are facing the world today and will increasingly do so tomorrow.""",deal with [pron],positive
"""The shot is far below the dew point, the instant you take it out, it's just soaking wet and it's dripping water,"" the American said. ""It's worse than if it was pouring down rain... We've been fighting this a little bit.""",take it,positive
"""This is all wrong. I shouldn't be up here. I should be back in school on the other side of the ocean yet you all come to us young people for hope. How dare you?"" she said, her voice quavering with emotion.",come to [pron],positive
"""This is not solely to protect against electoral fraud, but to protect local government from the broader culture of corruption and financial fraud that goes hand in hand with it,"" he said.",go with [pron],positive
"""We all need to learn to put our phones down from time to time,"" said Janina Kugel, Siemens HR Director.",put down,positive
"""We're putting this enormous load on them for three or four days and it's very challenging,"" Mora said.",put on [pron],positive
"""While we already have among the strictest regimes on those products, if the evidence shows that further action is needed... we will not hesitate to take it.""",take it,positive
"""Will airlines also have maps for obnoxious passengers that drink too much, remove their shoes, hog the armrest or recline in my lap?"" added another.",hog in [pron] lap,positive
"""With the flagrantly lawless crypto industry crashing and burning due to a mountain of arrests, criminal convictions, bankruptcies, lawsuits, scandals, massive losses, and millions of investor and customer victims, who would have thought that the SEC would come to its rescue by approving a trusted and familiar investment vehicle that will enable the mass marketing of a known worthless, volatile, and fraud-filled financial product to Main Street Americans,"" Kelleher said.",come to [pron] rescue,positive
"""You are always publishing reports on coronavirus or coming up with arguments on Brexit.",come up,positive
"""You are always publishing reports on coronavirus or coming up with arguments on Brexit.""",come up,positive
"""You can certainly say that this is not the deal you created, but you will have to stick to it,"" Trump told Turnbull.",stick to [pron],positive
"'At the end of it one girl came up to me and said: 'Why am I only being told this now, in my senior year?'",come up,positive
"'We both have sons, and we were bearing in mind that we are not just role models for girls but boys - and not just our sons, but generally in public too.'",bear in mind,positive
"(PERSON11) That is important. Please write this down here into the documenter this <unintelligible/> summary, because that is for [PERSON2]. And also [PERSON2], when you talk to [PERSON10], well and also possibly [PERSON5]. If we have this tool, we need to (ship) the audio to multiple ASR or multiple workers <unintelligible/> We will separately need to (ship) the audio to the English ASR, separately to the German ASR and the Czech ASR, for example depending on the <other_noise/> And also, to this language ID worker and then we need to merge these outputs, and this is tool which we do not have yet. That's the multi-source tool, which will be observing the text outputs and also following the time stamps and it would emit the - it would probably like produce the output into three separate language channels for using either silence or the correct ASR. So, we need a filter for the ASRs, so that the ASR is silent if it's the wrong language and it is the recognized text if it's the correct language. I just made it up this type of setup. Another of setup would be that same sound is shipped to ASR and this language checker. This language checker is essentially a part of the ASR, silencing the ASR if it's the wrong language. That's also an option. So, we need to figure out which way of integrating the language ID is the best for our purposes. So, please keep thinking about this like what are our pipelines. Ideally, I think that the least like management confusion and so on would arise if our MT models were multilingual. If they supported different source languages and they were translating from any of these languages into English. Possibly doing just a copy, if the English was given as the input, so we would have multi-lingual multiple ASRs at the beginning. All going into English, and then from the English will go into all of the languages. And later when [PERSON12] would have multi-lingual model of ASR, that language ID would not even be needed.",make it,positive
"(PERSON17) Okay, that's good, yeah. So, I started, but I think I never finished an email to you, because you reminded me, [PERSON8], that your profanity filtering is not yet integrated. And I think this is also an important message for [PERSON5], who has disappeared again from the call. So, the important message is that yes, it's very good that you are actively pushing so that your results are integrated, and everybody should do so. And at the same time, we need to have the setup, so that you can actually integrate and test it yourself. So, I call it ""do-it-yourself integration"". So, [PERSON8], when working with [PERSON5] and when documenting what the setups are, make sure it is tested well enough by colleagues, such as [PERSON4] or even [PERSON9] for the language model checks and everybody else. So, whenever someone develops a new useful component, the full pipeline should be accessible to him reasonably easily, so he can test it himself. So, this do-it-yourself integration is important, because otherwise it will all remain on you, [PERSON8], and you don't want to be overloaded. So, you want to provide these people with inputs and outputs as the first testing approach, which has already been done. [PERSON4], right? The profanity filtering, has it been tested on logs? I think it was.",call it,positive
"(PERSON3) Oh yeah, okay, I get it, I get it. So basically, the lemma coverage says whether the constraint is there, and the surface coverage difference suggests that it might be incorrectly inflected, but that is not the case.",get it,positive
"(PERSON7) Okay, so thanks. So, you are very busy with this, I don't want to put any other things on you, so let me start with the reminders. We need to finish the description of [PROJECT1] desk set, Who do we have here? Oh well, not really, yeah, (it's done) and it's not here unfortunately. So, this would be for [PERSON2], Then the evaluation, this is for [PERSON1], but we have discussed this. Listen, give me the table in DSD let's put the fine line here and push the template of the table, like the plan structure into the delebl now, so that the numbers will come later, but I want to see some numbers and the full structure of the table very soon.",put on [pron],positive
"1. Capitalised terms / All capitalised words and terms whose meaning is not determined by this Contract (hereinafter the “Contract”) shall have the meaning ascribed to them in the Agreement on the Provision of Information System Development and Operation Support Services - Service Level Agreement, covering the maintenance and development of the Application (hereinafter the “SLA”).",ascribe to [pron],positive
"15.3 The Contractor shall give the source code to the Client in an editable electronic form, in a format of the relevant development environment and in a version corresponding to the current version of the Application. The Contractor shall give the source code to the Client not later than on the date on which the Parties execute the Record of Takeover of Upgrade Delivery for Use. Together with the source code, the Contractor shall give any materials related to the source code to the Client.",execute on [pron],positive
"27.7 This Agreement was drawn up in two counterparts valid as an original, in the Czech language, of which each Party receives one counterpart. This Agreement shall come into force and effect on the date on which the last Party executes this deed.",execute on [pron],positive
"3 1/2 Stars Remedy is a brothers best friend romance as well as a second chance romance mixed into one. It's a unique story, and the hero (Grady) has to do everything to get Collins back and prove he's the guy for her. Three years ago, Grady and Collins had an amazing night together. Collins thought she was finally getting everything she dreamed of, her brothers best friend... but when she woke up alone the next morning, and never heard from her, things definitely changed. Now Grady is back, and he's not leaving, and he's doing everything in his power to prove to her why he left, and that he's not giving her up this time around. While I loved the premise of this story, and at times Grady, he really got on my nerves. I totally understand his reasoning for leaving that night, but to not even send a letter to Collins explaining himself? To leave her wondering and hurt for all those years, and then expect her to welcome him back with open arms? Was he delusional?! Collins was right to be upset, angry, hurt, etc. She was right to put up a fight with him when he wanted her back and to move forward. I admire her will power, because Grady was persistent. I loved Collins in this book, she was strong, and she guarded her heart, and I admired her for that. Sure she loved Grady, but she was scared, and hesitant to let him back in her life, who wouldn't be after what he did to her? Her character was definitely my favorite out of the two. She definitely let things go at the pace she wanted, and when she was ready to listen, she listened. There is a lot of angst in this book, and I did enjoy watching these two reconnect when Collins started to forgive Grady, I just wish Grady would have not come off as so whiney and would have been a little more understanding. He kept saying he understood, but at times he was a little too pushy to me, and then he was sweet towards the end. I ended up loving him just as much as Collins, but in the beginning of the book, I had a hard time reading his points of view because I couldn't connect with his character. The first part of this book, was not my favorite, but he second part? I adored, hence my rating. If you like second chance, and brothers best friend romances, you may really enjoy this book, I just had a hard time with Grady at first and how he handled some of the things he did.",get on [pron] nerve,positive
"4.Have other joys: Across the board, each of the experts said they engage in some hobby like exercise, dancing and even playing the guitar. It's extremely important to have a life you enjoy that exceeds what you accomplish in your job, says Christina Maslach, social psychologist, retired professor of psychology at U.C. Berkeley and author of ""The Burnout Challenge: Managing People's Relationships with Their Jobs."" ""Look at your life as a whole, and make sure there's good things about it, and make sure you have time for them.""",accomplish in [pron] job,positive
"8.1 The Parties’ communication when performing this Agreement is governed by project principles. Project principles are laid down in Annex 6 (Project Management Methodology). The Project Management Methodology provides for the binding rules governing the management, coordination and control activities when providing the Services. The Parties shall discuss, amend, modify and approve the Project Management Methodology in the Project Charter. The Parties shall approve the Project Charter not later than two (2) weeks after the date on which the last Party executes this deed.",execute on [pron],positive
"@user21 I only row on weekdays, so I average out to a little over 5K/weekday so far. I break it up in different ways. On an ERG.",break up,positive
A black congregation that had been worshiping nearby took title to the building.,take to the building,positive
A decision has been made to “dig up” the area where holes have twice appeared on the recently paved roadway (at the intersection with Molodyozhnaya Street).,dig up,positive
A few very small difficulties have come to light.,come to light,positive
"A friend accompanying Haj on the swim who managed to make it safely to the Spanish enclave said the journey was ""extremely difficult.""",make it,positive
"A friend came up with the idea more than two years ago, and I did not pay much attention to it back then.",come up,positive
"A knee to the groin follows, and while the attacker doubles up in pain, you twist the gun from his hands, smack him in the face with the barrel and back up, keeping the weapon trained on him.",train on [pron],positive
"A list of parts of the Application for which Services are provided and identification of their value in CZL excl. VAT, which is included in the basis for calculation of the annual flat fee for Services",provide for [pron],positive
"A lot of foreign students come to us: Africans, Arabs.",come to [pron],positive
"A notification came to the TV program, Müge Anlı İle Tatlı Sert, broadcast on ATV screens on April 13 about the fact that Ali Kemal S. was digging up the ground in the workplace of his brother Hüseyin S. in Gölcük.",dig up,positive
"A pink blanket goes with everything: Jane Austen classics, a queer young-adult romcom, fantasy novel Six of Crows. Jordan Hickey's version is crocheted, made by her grandmother, and appears in most photos on her Instagram account pagetravels, where it's paired with various books to evoke a sense of tantalizing coziness. Wouldn't you like to be here right now, her photos imply, cuddled up with this blanket and this mug of coffee, with nothing else on your to-do list aside from reading the new novel Frankly In Love, out today?",go with [pron],positive
"A roast of former press secretary Sarah Huckabee Sanders by comedian Michelle Wolf at the White House Correspondents"" dinner in April 2018 was so vicious that even MSNBC host Mika Brzezinski called it ""deplorable.""",call it,positive
"A statement released on behalf of his family said: ""We cannot believe that Yahya has disappeared from our eyes.",disappear from [pron] eye,positive
A variety of business activities came to him. He really have a golden flashing prospect.,come to [pron],positive
"According to him, it can't be ruled out that, following the Turkish leader's statements (about the non-payment of compensation to the EU, demands for a visa-free space with Europe, and the extradition of Gülen from the United States), he will come under pressure.",come under pressure,positive
"Across the room, Tyrone Brooks holds court at his table, eating and reminiscing about civil rights.",hold court,positive
"After many objections beforehand already, the suggestion to hold the final at a neutral location did not even make it to the vote.",make it,positive
"Afterwards, Black Sea Fleet minesweeping vessels went out to sea to search for mines.",go to sea,positive
All our efforts will help them make it through this journey.,make it,positive
All those waiting go to sea in Greece.,go to sea,positive
All we do is to try and race at a pace nobody else can keep up with.,keep up,positive
"Although all three made it through to the global final, they lost out in the final round to strong competition from some of the 3,500 entrants from across the world.",make it,positive
"Although steel plants, as of now, have yet to receive clear notification from local governments announcing that work related to energy conservation and emission reduction has ended, the industry expects that by around December 15, 2010, steel plants nationwide that have been subjected to production quotas will resume production successively. Steel prices could start to come under pressure.",come under pressure,positive
"Amit Yoran, CEO of the cybersecurity firm Tenable, called it ""the single biggest, most critical vulnerability of the last decade"" - and possibly the biggest in the history of modern computing.",call it,positive
An option would be simply to load in onto a truck and take it away.,take it,positive
And he thinks that a burka ban would come up against constitutional issues.,come up,positive
"And in general, Kimmich looked in this starting formation like one who is best able to take to the helm.",take to the helm,positive
"And said that ""we've said, you need a plan. We want them to vet it with us.""",vet with [pron],positive
And she also attracts attention wherever she turns up.,turn up,positive
"And then she takes it off and we see her, looking vulnerable and innocent - what is she doing in this place.",take it,positive
"Another girl outside of the video frame laughed as she recorded the scene. Two adults came in to break up the attack, with one adult pulling the teens apart. Adriana lay hurt and bruised on the hallway floor as the adult tried to help her up.",break up,positive
"As a result, ""Whose Streets?"" documents surprisingly personal aspects of Ferrell's life, like falling in love and marrying her wife.",fall in love,positive
"As sexual harassment scandals in Hollywood came to light last October, women have set off a wave of anti-sexual harassment and anti-sexual harassment in the workplace.",come to light,positive
"As she went on to explain, there's method in a strategy that most people inside the Beltway would deem madness: This is the best way to earn the press's trust. They'll know we're not spinning like everyone else. SIGTARP will quickly become the only credible source for information in Washington about TARP. We might be embarrassed at times and disclose things that we could - and others would - easily hide, but we'll shock the press with our honesty. No one else does this, and before long, we'll have a built in defense when we're attacked. No matter what they hear, the press will come to us first and believe us, because we'll prove to them that we tell the truth. This is perhaps the biggest reason for Biden to pursue the course of radical responsibility-taking: Moments inevitably arise in any presidency when having the trust of the public and the institutions that safeguard the civic interest is critical. Moreover, there is vital capital to be earned by owning our mistakes, and there's an important distinction that Biden can draw with his political opponents. The president would do well to follow the old adage: Tell the truth - and shame the devil.",come to [pron],positive
"As such, the congress supported the IAAF Council (which released a report on Monday that recommended keeping the suspension in place) concerning the reinstatement of the ARAF.",keep in place,positive
"As the evening at Jenny and David’s comes to a close, David tells Robert privately that Jenny really doesn't enjoy the pot, but she does it to please him.",come to a close,positive
"As the largest political party in the world, the Chinese Communist Party has continuously kept up with the pace of progress and led China to gain world-class development achievements.",keep up,positive
"As the saying goes, let them see what we're made of!",make [pron] of,positive
"At its peak, the show hits like a blow to the solar plexus, taking your breath away - the impact is only slightly dulled by watching online.",take breath,positive
"Back when it all started, and I was taking it very badly, I once said to her that I no longer wanted to live and asked how she would feel if I ended it.",take it,positive
"Basically, they’ve insinuated that they were the driving force that got me here, under the guise of being supportive, when in reality they didn’t even know I was making these changes until I had already gone through with the RNY and lost well over 100lbs.",go with the rny,positive
"Because for Interspeech, we could also like split it paper by paper. So that some papers would go to the Interspeech proceedings. And some of our submission papers would come later for the PBML proceedings. And the authors would be free to choose. So that we have to negotiate this with either SIGDial or Interspeech. If it is okay for them to have some of our papers, given that these papers are submitted by the March deadline. So, there is an absolute strict requirement. And I think it's they cannot have anything against it. Because if the paper is worth publishing. Like, it's only a bonus that the paper has some shared task result appearing in the satellite event. So yeah, I think it's okay. So, we do not need to ask for a special session. In Interspeech it is called special session, we don't want that. In Interspeech we want the satellite event. But we will tell our people. If you manage to have your paper ready by the Interspeech deadline, send it as an Interspeech paper and you will have it within Interspeech. Ah, if you do not, ah, do it for the Interspeech deadline, here is our deadline. And that is for PBML.",have it,positive
"Beginning in 2007, a new qualifying process took effect, in which the winners of certain races earned automatic entry to the event in their respective divisions.",earn in [pron],positive
"Below, Nyssi scrambled to her feet. She was pretty sure she had broken something, but her weird, unnatural healing powers had already kicked in. The same couldn't have been said for Thassalin, who was lying in a lump, resting against the one tree that hadn't collapsed under his weight. Nyssi did her best to try and reach Thassalin but she could barely see more than a couple of meters in front of her. Everything was pitch black and engulfed in unholy shadows. And in said shadows, something was screaming and screeching.",scramble to [pron] foot,positive
"Born in 1991, promoted to team captain he played 254 official matches for Beşiktaş in total.",bear in 1991,positive
"Both deny taking it, but neither was allowed to compete in the weight category of up to 94 kg.",take it,positive
Both the old and the new Listing titles call it a 12V 10W panel.,call it,positive
Bring in your financial advisor: Your advisor can also help you come up with a way to pay for those expenses.,come up,positive
"Businesses complain the levy is too inflexible. For example, said Reeves, Openreach ""wants to retrain people who work on copper to work on fibre, but the apprenticeship levy doesn't have that flexibility around retraining."" Reeves said Labour would change the levy so companies could use the money to retrain employees in industries such as the automotive sector and those currently fitting gas boilers. ""We need them as part of the energy transition to net zero to be learning the skills to work on electric vehicles or fitting heat pumps or hydrogen boilers. We want those people to be retrained to get the skills that they need to succeed. And yet the apprenticeship levy is stacked up against them. Businesses want greater flexibility and young people starting off in life or older people who want to retrain to make sure that their skills are relevant for the future,"" said Reeves.",stack against [pron],positive
"But I feel somehow I started this instance on the wrong foot, so to speak.",start on the wrong foot,positive
"But I was told his pants started falling down, and he was struggling to pull them up while running and pushing a cart with a heavy socket set.",pull up,positive
"But as a franchise, it feels like it's running out of time.",run out of time,positive
"But despite his colleagues fleeing for their lives, 21-year-old Anthonius Gunawan Agung refused to leave his post in the wildly swaying control tower at Mutiara Sis Al Jufri Airport Palu airport.",flee for [pron] life,positive
But he approved a broader effort to beef up security in Saudi Arabia and the region.,beef up,positive
"But he did attack its meaning, and in particular the meaning ascribed to it when Emma Lazarus's famous poem was added to its base in 1903, 17 years after the monument itself was completed.",ascribe to [pron],positive
"But how do you balance out the loss of an additional 1300 low-cost homes (approximately), the grants for which will run out over the next few years?",run for [pron],positive
"But no, I stand by it. Most natural speech is broken up, especially when people get emotional.",break up,positive
"But the Cromwell Society described Mr Crick's suggestion as ""folly"" and ""attempting to rewrite history.""",rewrite history,positive
But their scrum was offering a foothold in the game and it took feverish defence to keep their maul at bay until they produced the first of two turnovers in quick succession.,keep at bay,positive
By doubling down on the core gag - middle-age actors playing horny kids coming of age - it made the impossibility of recapturing the past part of the joke.,come of age,positive
Character Jo Karev (Camilla Luddington) also got some major support from husband Alex (Justin Chambers) after she checked into a psychiatric facility for 30 days to deal with her issues.,deal with [pron] issue,positive
"Chen Xinlei, Yang Kaihan: When Amazon made it to the world’s top 10 list of retailers, it announced that it would venture into the bookstores and grocery stores; this is worth pondering, both in terms of opportunity and motive.",make it,positive
Civilians running for their lives from the siege of Raqqa by anti-DAESH forces aren’t allowed by the YPG terrorist group to enter cities they control.,run for [pron] life,positive
"Climo stretched the Ayr lead with a penalty, before, right on half-time, he scored then converted a solo try to make it 17-5 to Ayr at the break.",make it,positive
"Clinton wants to lead the economy to its death and regulate it to its death, he says.",regulate to [pron] death,positive
"Conserving water is key, so if it's possible to give a toilet two roles -- dumping waste and say, housing fish -- that could be instrumental in getting the process off the ground.",get off the ground,positive
"Critics of this proposition may be quick to point out how this argument could hold water, given that Riek later went on to accept to be absorbed back into the fold under Chief Garang in 2002.",hold water,positive
Dagmar Štěpánová from the FormaFatal studio made it for us.,make it,positive
"Dan Norton grabbed a try for GB, touching down in the left corner to make it 36-7 but the game was long gone the way of the South Sea Islanders whose fans sang, waved flags and danced in the stands.",make it,positive
Definition of parts of the Application for which Services are provided,provide for [pron],positive
"Despite messing up his first shot, star basketball player Stephen Curry made it through the first round between professional golfers.",make it,positive
Did the subject of corporal punishment ever come up?,come up,positive
"Did you encounter any complications during the realisation phase, which forced you to abandon some of the original ideas or come up with new ones?",come up,positive
Did your plans come to fruition?,come to fruition,positive
"Dimon, the mentor turned rival, seemed pleased that his former protege had made it to the big leagues.",make it,positive
"During his tenure, Sloan had replaced managers, revamped sales practices and launched an apologetic ad campaign, but he was blamed for moving too slowly as other abuses came to light.",come to light,positive
"Děti Země, an organisation from Brno fighting for sustainable transport, has put a halt on the works.",put on the work,positive
EXCITED FOR TOKYO What come to mind when I say Tokyo 2020?,come to mind,positive
"Earlier, it came to light that Putin had removed Sergei Ivanov from the post of chief of staff of the Presidential Executive Office, with Anton Vaino appointed as his successor.",come to light,positive
"Earlier, representatives for the republic’s EMERCON announced that the government of Abkhazia has taken it upon itself to cover all expenses associated with delivering the bodies back to Russia.",take it,positive
"Efforts should be made to fight innovative war and make preparation for war, keep up with evolution in war situation and method of war fighting,",keep up,positive
"Eight years after TPG Capital and Warburg Pincus LLC took it private, Neiman Marcus has filed plans for a $100 million IPO.",take it,positive
"Elisabeth Ferrell, Scottish officer for the Bat Conservation Trust, has encouraged the public to pitch in to help.",pitch in,positive
"Elsewhere on the night, Australia's Robert Whittaker edged out England's Darren Till in the middleweight main event, while Russian-born fighter Khamzat Chimaev made history by winning a second bout in 10 days on Fight Island, the shortest-ever period between victories in the modern-era UFC.",make history,positive
"Especially when we heard such talk as, ""let's shoot one of them"", we thought like this: We know nothing about our hometown but the instruction to 'Cut TRT' came to us.",come to [pron],positive
"Even if I'm not in the income level that would pay more taxes, I can still buy fewer things that are more expensive so that they can be made by people making a living wage and I can be willing to wait a few days to get it so that some gig worker doesn't have to be worked to the bone...",get it,positive
"Even if she was paid, she didn't have to go along with it.",go with [pron],positive
"Faced with operations coming to a standstill, it is hard for managers to say no to the perpetrators' demands.",come to a standstill,positive
Fernando flipped pass the goal in the back-drawing on his right wing. Alan Kardec was put down by Lei Tenglong. The referee sentenced a spot kick and showed a yellow card to Lei Tenglong.,put down,positive
"Floor boards had been pulled up in the property, from which drugs had been dealt in the past",pull up,positive
"For a man, I feel more sorry for him than her, somehow. There's nothing can be done about it. The Dors had another sinking spell. The hospital doesn't think she'll last the day. It must be unbearable. I've never lost anyone. You get over it. Oh, I'm sorry, Mrs. Leslie. Oh, that's all right, Ms. Roe. You get over it. Eventually.",get over [pron],positive
For all the criticism of our Government not a single nation has got it exactly right.,get it,positive
"For example, if a minor is sold cigarettes at a kiosk, then everyone down the line will be punished: the storeowner will pay a huge fine, the actual offender will receive a caning to their “backside”, and the salesperson will also be given a thrashing and put in jail.",cane to [pron] backside,positive
"For instance, in the Nottingham game, all six players played a significant part in not only retaining possession but also getting it back when there was a turnover.",get it,positive
"For the truth is that on that day, the Queen and her advisers seem to have made an error of judgment, of the kind they have almost entirely avoided, in her 67-year reign to date; and arguably a much more serious one than the intervention in the Scottish independence referendum suggested by David Cameron in his memoir, which, after all, amounted to no more than the Queen suggesting people ""think carefully"" before casting their votes, a phrase which only a dyed-in-the-wool Unionist would interpret as meaning that they should necessarily vote for the status quo.",dye in the wool,positive
"Foreign manufacturers would apparently follow suit, said Smetanin.",follow suit,positive
"Fortunately I don't feel my age, my legs are still fine and touch wood I don't pick up many injuries, so it's about keeping on top of that and come back as strong as I can next year.""",touch wood,positive
"Furthermore, Loza believes that Manson needs to get “punched in the face” for his words.",punch for [pron] word,positive
"Harris' written request to Inspector General Steve Linick comes as President Donald Trump is under intense legal scrutiny for pressuring the president of Ukraine to dig up dirt on former Vice President Joe Biden, a political rival he may face in the 2020 presidential election.",dig up,positive
"He added: ""It's backfired on him now, though, that's the sad thing.""",backfire on [pron],positive
He came to me in the studio and recorded his parts.,come to [pron],positive
He dropped to one knee and proposed to her all over again.,propose to [pron],positive
"He said, ""We will go to Washington with our Minister of Justice and both deliver the files and hold a meeting.""",go to washington,positive
"He says that years later, he still lives in fear.",live in fear,positive
He was going to the mall.,go to the mall,positive
He was the brother that went with the flow.,go with the flow,positive
"He went there with me, and I told him that I received an anonymous letter accusing him of having an affair with my wife, and that I was inclined to believe it.",go with [pron],positive
He will go to the mall.,go to the mall,positive
He would have gone to the mall.,go to the mall,positive
He's clearly trying to get back in their good graces by hyping up an issue that isn't an immediate priority to make it seem like he's done a terrific job and is a terrific person!,get in [pron] good grace,positive
"Hello world PDR coming at you here with a 2018 brand new Yukon Denali. It's got a little dent right here in the back quarter. I've got it not super warm. I've got it 95, that's maybe a little too warm. I'm going to turn this down. We're just going to do a quick little glue. I've got the glue all hot and ready. Can you guys see where that dent is, I'm just going to drop it right in there and then maybe even remove the heat.",get it,positive
"Hello. How about that Albany calls? Busy? We'll call the chief operator, tell her to keep the line open. Official business. It's a matter of life and death. I hope you are telling me the truth, Mrs. Kennedy. It won't go well with you if you're not. I tell you what I told you the truth. Dirk and Grab, told my drift. He struggled.",go with [pron],positive
"Her children told her the man was laying on the seats asleep when they got on, then during the trip he got up and started urinating on the ground.",get on,positive
"Her sense of coming to life on stage -- I never get tired of watching, Foote said in 2002.",come to life,positive
"How did the AfD make it to Gerolstein, actually?",make it,positive
How did you deal with it?,deal with [pron],positive
"However I recommend you resetting it from your computer, even if you are logged in on your computer, this is for you to remember your password, as this information is important to know by memory",log on [pron] computer,positive
"However, his earnings could increase significantly if he makes it to the quarter-finals as he will pocket £60,000.",make it,positive
"However, the star's family reality show Keeping Up With The Kardashians later showed that the event ended with Khloe in tears as she struggled to come to terms with his infidelity.",keep up,positive
"However, this is not stopping the President of Turkey, who is stubbornly sticking to his guns and is also making demands on his other Western partners.",stick to [pron] gun,positive
I agree with you.,agree with [pron],positive
"I always loved it when episodes would showcase the twin shuttlebays at the back of the mid-section, neck, or whatever you want to call it.",call it,positive
"I bought this as a tracker to use while I swim, and I didn't even get a proper chance to try it. First off, it's not water resistant and it is not recommended to use while swimming per the instruction manual. Second, it doesn't come with a charger. Instead, it suggests to use a USB plug or computer. Fine, we have lots of those around. When I try to get it into the port to charge it, however, it launches right back out. I'm not sure if there's something not compatible or if this is just poorly made, but I'm not going to sit and hold my device in while it charges. Lastly, the app keeps popping up ads, even when it's closed. Ads popped up while I was sending a text, which is very concerning. I then closed down all active apps on my phone, and saw yet another ad when I went to check the time 20 minutes later. Horrible product, I guess I get what I paid for...",get it,positive
"I bought this modem/router about two years ago. At the start it seemed to be ok but for the last year plus I’ve had problems with it dropping the internet. This happens on all my devices both Wi-Fi and wired. The only way to restore service was to do a AC power reset. This was happening once or twice a day. Comcast came out, ran a new coax line from the pedestal to the house and boosted the signal level. Same problem. The Arris Tech guys were great but could not solve the problem. Additionally, I lost the 5G service on three occasions. I had to do a factory reset to restore this. I cannot recommend this modem/router based upon my experiences. I purchased a Netgear AC1900 modem/router. It’s fantastic. I’v Had it for over a week with no problems. It’s faster and the range is greater than the Arris. I read online that other people have had problems with the Arris modem/router connected to Comcast. If you have Comcast internet I do not recommend this Arris modem/router. Get the Netgear, its much more reliable.",have it,positive
"I give this book 10 stars! Excellent read!! I absolutely loved the book!! I’ve adopted 4 Siamese cats from Siri over the years and everyone of them were absolute loves. Once you start to read this book, it’s hard to put down. Funny, witty and very entertaining!! Siri has gone above and beyond in her efforts to rescue cats (mainly Siamese)!!",put down,positive
I go to the mall.,go to the mall,positive
"I guess it was easier to break than they thought. I am giving this product a 3 star do to the fact when I got it in it was broken already inside. Once I examined it I realized whoever put it in the box put it in there broken, This could have either been the manufacturers packers or for the manufacturers sake the problem could possibly be that a buyer returned the item and claimed they just didn't want it or didn't need it and Amazon possibly did not do a good enough quality check when it came back. In all fairness the buyer couldn't have said it was broken because then Amazon wouldn't have taken it back which is good especially with this kind of product either way though I am the one who got stuck with someones negligence. I did however get my money back so after thinking about it and discussing it with my spouse I have decided to give this buyer another chance. With that said I will only update my rating to a higher star depending on how customer service handles this post (by at least addressing it) and if the item comes in great shape, actually has the opportunity to do what it does, and works well doing what it is supposed to do.",get it,positive
I have gone to the mall.,go to the mall,positive
I have no Pokorný or Růžička style lobbyist. I am a separate entity and I do not deal with this at all.,deal with [pron],positive
"I haven't really achieved anything. I'm happy that a few people have come to me in private and said ""look, because of all your work, I'm gonna grant you this amount of money"".",come to [pron],positive
"I hit most of the classics before eighteen--though that's more a reflection of living in bumfuck nowhere, I also read the 1979 Encyclopedia Brittanica in desperation.",live in bumfuck,positive
"I hope that they will ask the official to pay for all the checks that came to nothing because of his activities, so that he realises what he has done.",come to [pron],positive
"I hope we will get on on a personal level, and we can work well together.",get on,positive
I like the product it’s a nice size and color! Unfortunately only had it a week and opened the one door and it cracked the top of the wood piece! I’m really disappointed! It’s all assembled and I don’t have the box anymore so how could I even think about sending it back?! My husband did try and fix it with wood glue but sadly that didn’t work either! The door popped right out again!!,have it,positive
I printed out the page and took it to my local shop.,take it,positive
"I quite like akkoma the software and the domain name I got for my instance. But I feel somehow I started this instance on the wrong foot, so to speak. And I never got comfy there. Will still linger a bit longer on here and think about whether I should migrate at all.",start on the wrong foot,positive
"I regularly hear how many former Domspatzen still today keep in regular contact with him, 23 years after his retirement, visit him, read to him – he is almost blind – and treat him like a member of their family.",keep in,positive
"I remember thinking, what are they going to put on my tombstone?",put on [pron] tombstone,positive
I still go through that in terms of the stresses and pressure of the job but management just feels right.,go through [pron],positive
"I think I took it seriously because I've been sick a lot, and I hate it.",take it,positive
"I think that (Kadiza) interpreted it as a warning and decided to play it safe"" said Akunjee according to the BBC.",play it,positive
I turned up the heat just a little and it did the trick.,turn up,positive
I wanted to know whether she would agree with it.,agree with [pron],positive
I would go to the mall.,go to the mall,positive
I'd never seen anyone's mom make it or had it shoved at me at a party or seen it appear in conjunction with anyone's saucemaking escapades or baking days,make it,positive
"I'll sleep on it and from tomorrow, I will only remember the positive aspects of the Olympic tournament.",sleep on [pron] and from tomorrow,positive
"I'm happy that a few people have come to me in private and said ""look, because of all your work, I'm gonna grant you this amount of money"".",come to [pron],positive
"If Cossack classes incorporate everything positive that has been previously accumulated and take it to a whole new level, then I will be pleased.",take it,positive
"If I only bathe once a week (but shower every 2 days or so) and the heater has enough water for quick showers, is it worth turning up the heat for the once a week bath?",turn up,positive
"If he doesn't make it because of political correctness, that's ok, Trump added.",make it,positive
"If he doesn't make it because of political correctness, that's ok, Trump said.",make it,positive
"If someone comes to me and tells me that they're working to get out of a financially abusive relationship and their abuser looks at their paystubs,",come to [pron],positive
"If someone you know already sings in a choir for the elderly, you can just go along with them.",go with [pron],positive
"If the Frenchman, currently still active in the challenger tournament in Italian Biella, does not make it to the Bundesliga match, then Zdenek Kolar (Czech), who is playing in the tournament in Liberec in the Czech Republic, will be called into action for the first time this season.",make it,positive
"If you push your lungs to their limits regularly, you will not run out of breath as quickly in day-to-day life.",run out of breath,positive
"In 2003, the Panthers hosted the NHL All-Star Weekend in which the Western Conference earned a 6–5 victory after the first OT shootout in All-Star history.",earn in [pron],positive
"In 2008, when the girl was only 13 years old, the family decided to move to Germany: there, the girl had a better chance of making it onto the national team.",make it,positive
"In Barnaul, the new asphalt on Krasnoarmeyskiy Prospekt is being dug up",dig up,positive
"In Germany, where workers and bosses run many companies jointly, a big strike is unusual. A wave of big strikes is almost unheard of. Right now the country of ""co-determination"" is simultaneously facing an eight-day ""action week"" by irate farmers, who blocked roads with tractors, a three-day strike of railway workers and, to top it off, a looming strike of doctors, who already closed surgeries between Christmas and New Year's Day. This Mistgabelmop (pitchfork mob), as some have taken to calling it, will test Germany's harmonious labour relations in the year to come.",call it,positive
"In May, the number of visits fell by 42 percent from the previous year, whereas in Japan the same figure grew by 85 percent.",fall in may,positive
"In a blog post, Adblock spokesperson Ben Williams wrote that ""this sort of back-and-forth battle between the open source ad-blocking community and circumventers has been going on since ad blocking was invented,"" and that it is possible Facebook would come up with its own fix soon.",come up,positive
"In front of parliament in Skopje, Vladimir Kavardarkov, 54, was preparing a small stage and pulling up chairs in front of tents set up by those who will boycott the referendum.",pull up,positive
"In his statement labeling as ""political forgers"", ""political snatchers"" those he alleges target the MHP, Buyukataman added that ""Nationalist movement is not abandoned on its own.""",abandon on [pron] own,positive
"In late April, weeks after searching through the El Sobrante Landfill in Corona, authorities called off the search. The child's body was never found.",call off the search,positive
"In the United States, much of the attention in the third quarter has focused on a deal that failed to come to fruition - the planned IPO of WeWork parent We Company.",come to fruition,positive
"In the final series, Rachel's onscreen husband Mike Ross, played by Patrick J Adams, paid a visit from Seattle and was asked how Rachel was getting on.",get on,positive
Information about Russian cyber attacks came to light last month when the FBI announced that it was investigating the attack on the Democratic Party's servers.,come to light,positive
"Initially, I wasn't sure if the internet in our garden would be good enough for this setup. The old access points I replaced last year in the fall wouldn't have cut it.",cut it,positive
"Instead of going there, the bridge crew would take a turbolift ride right past it all the way down to deck 13.",take it,positive
"Instead, he noted, the U.S. is continuing sanctions aimed at keeping up pressure.",keep up,positive
Iranian officials have previously said they were sticking to their tough stance.,stick to [pron] tough stance,positive
It came up to my waist.,come up,positive
"It concluded an exhilarating spell of end-to-end rugby in which the rivals took it in turns to attack from deep and, having been at the heart of the home advances, Barbeary delivered the telling blow.",take it,positive
It feels like they are playing it for the second time in a row.,play it,positive
"It is a righteous diatribe, months and years of fury spilling over, and she can't get it out without weeping.",get it,positive
It is hard to escape the sense that Watford's habit of flipping managers has run out of road.,run out of road,positive
It is no coincidence that Joshua Kimmich was allowed to take to the field as captain at the Audi Cup.,take to the field,positive
It is not the first time the renowned bank has come under fire in recent weeks.,come under fire,positive
"It is true in a sense that before Obama, ISIS was an almost unknown, small little organization, he who called it the jayvee, totally wrong, and here's why it happened, because he withdrew the troops from Iraq.",call it,positive
It occurred to me that I did not cut the Cyprus broadcasts.,occur to [pron],positive
It seems inconceivable that land may be taken away one day when you watch Australian and United States media channels but that's because the rich are on there all day ensuring your mind thinks a certain way. The land is very easily and quickly taken away by the government one day if they want to do that. And guess what? It never made sense how ppl can keep land at the expense of others. It has to be taken away one day. That's why the Chinese only allow leases. They already ran out of land.,run out of land,positive
"It started to come to light why Turkey, in a bitter struggle to end PKK terrorism for more than forty years, could not destroy the organization leaders in this struggle.",come to light,positive
It was a big reality check when I came to Canada just how difficult it was to get the players together.,come to canada,positive
"It was a third Elite League defeat of the season for Adam Keefe's men, who had come from behind to beat Dundee 2-1 in Belfast on Friday night.",come from behind,positive
It's ThinkPad day!! Came home on my lunch break to see this sitting outside uwu. Wish I could take it back to work with me to setup more. But that will have to wait till tonight.,take it,positive
It's a 24V Panel. Sadly the sun is so low (and partly obstructed by a tree) that it drops down to basically nothing as soon I put a load on it.,put on [pron],positive
"It's important to keep in mind that, even though these rates are per million departures, some of the plane models in this report - for example, the Boeing 727 introduced in 1964 - have been around for decades and consequently had much longer to accumulate an accident record than others.",keep in mind,positive
"It's unclear just how deeply such collective action may take root this fall, but it certainly would be fitting if the general strike returned to the Northwest in 2019. And from there we can only hope that its spirit will spread even further, into the heart of Midwestern farming, Southern manufacturing, Texan oil fields, Appalachian coal mines, Northeastern construction, the Silicon Valley tech giants, and everywhere in between. Lord knows that something's gotta give.",take root,positive
It’s hard to get to so I’m leaving it at that temp and calling it a day.,call it,positive
"I’m also trying to promote the other artists with my center: I buy them songs, pay the lyricists, and sometimes their tracks make it into rotation on the television channels and radio stations.",make it,positive
JAL and other airlines have yet to come up with way of anticipating seat reservations by serial snorers and passengers who fully recline their seats during in-flight meals.,come up,positive
John cut short her rambling and put down the phone.,put down,positive
Kamensky and Grigoryan made it into the final of the smallbore rifle shooting competition.,make it,positive
Kazakh Balandin made history,make history,positive
"Keep in mind that the current fiscal year, FY2013, began on Oct. 1 so Obama administration officials will have to implement 12 months’ worth of cuts in only seven months.",keep in mind,positive
"Keep in mind, however, that mounts will need to be cared for, housed and protected as they can die in combat.",keep in mind,positive
"Keep in mind, that isn't some guy babbling in the men's room at Starbucks.",keep in mind,positive
"Kelly told the staff that information needed to flow through him - whether on paper or in briefings - because the president would make better decisions if given good information.""",flow through [pron],positive
"Kim declared a state of emergency and imposed a lockdown on the border city of Kaesong, calling it a ""critical situation in which the vicious virus could be said to have entered the country,"" state news agency KCNA reported.",call it,positive
"Lawmakers last month updated the nation's oldest law governing police use of deadly force, making it now among the country's most comprehensive when combined with additional training.",make it,positive
"Let me remind you that, with Jeter’s direct involvement, Team Ukraine claimed a record sixth place for itself in Eurobasket 2013, and, for the first time, made it into the World Basketball Championship, where the “yellow-and-blues” were unable to make it past the group stage, but the US native averaged 15.4 points, three rebounds, and 5 assists per game.",make it,positive
Let's hope that the movement didn't take it the wrong way.,take it,positive
Let's hope they click with someone.,click with [pron],positive
"Lewis said the report would act ""as a line in the sand"" for the force, adding: ""Improvements have already been made and I take full responsibility for driving through the changes that are so obviously needed. In the five months I've been here I have met some exceptional police officers and staff, at all levels, and have seen lives saved and vulnerable people protected by the efforts and determination of frontline officers.""",act as a line in the sand,positive
Li Keqiang said that China-Russia relations are bearing new fruits under the jointed efforts of President Xi Jinping and President Putin.,bear fruit,positive
"Like Luo Shiyu’s family, volunteers from 106 families in 24 towns at Shapingba District took to the streets as “little environmental warriors”.",take to the street,positive
"Like many pop cultural phenomena it had gone off the boil somewhat before this new game was made available in the US, Australia and New Zealand in early July.",go off the boil,positive
Long jumper M Sreeshankar failed to reach the final after a disappointing performance while 400m hurdler MP Jabir made it to the semifinals on the opening day of the World Athletics Championships in Doha on Friday.,make it,positive
"Luxury clothing brand Balenciaga is still reeling from the backlash over two of its recent ad campaigns. Months after the fashion house came under heat for promotional images that critics said sexualized children, Balenciaga artistic director Demna (full name Demna Gvasalia) said he's still sorry for the images in an interview with Vogue published Friday. ""I want to personally apologize for the wrong artistic choice of concept for the gifting campaign with the kids and I take my responsibility,"" he told Vogue, echoing a previous statement he posted to social media in December.",come under heat,positive
Many of the Depression-era food ways were abandoned as soon as the country got back on its feet.,get on [pron] foot,positive
"Many public health campaigns to get people to ""find 30,"" ""get off the couch"" and ""be active everyday"" have fallen on deaf ears because most public health messages are boring and delivered by people who look miserable.",get off the couch,positive
Mario Gomez's dreams came to nothing!,come to [pron],positive
"Massive because the viaduct is 222 metres long, weighs approximately 6,000 tonnes and had to be pulled up a gradient of about 3%.",pull up,positive
Members want to set up plaques along the planned route and put information about stars and constellations on them.,put on [pron],positive
Minniti meanwhile said a sharp fall over recent weeks in the number of migrants arriving in Italy following rescues was an indication that efforts to beef up the Libyan coastguard and cooperation with local mayors was bearing fruit.,beef up,positive
"Months after the fashion house came under heat for promotional images that critics said sexualized children, Balenciaga artistic director Demna (full name Demna Gvasalia) said he's still sorry for the images in an interview with Vogue published Friday.",come under heat,positive
"More than 100 films are made in our country each year, but, on average, only 20-25 films make it to the screen.",make it,positive
"Mr Miller said: ""With support from national experts, we have carried out an exhaustive criminal investigation but, without new information coming to light, there are no further realistic lines of enquiry at this time.",come to light,positive
Mr Panos said buyers need to have a walkaway figure and come up with a plan B to avoid only looking and settling for one property.,come up,positive
"Ms. Oliveira, 34, used to live in Williamsburg and went to Verb frequently.",go to verb,positive
"New York Attorney General Eric Schneiderman, who led the coalition of states that sued the EPA this week, said the group intends to keep up the legal pressure.",keep up,positive
"Next, take it out and wait until it softens.",take it,positive
"Nick Rascona hugs two of his castmates, and then breaks down crying in their arms; the emotional toll of the performance finally getting to him.",get to [pron],positive
"Nilanjan Mukhopadhyay, a political analyst, said the call to hug cows had been ""absolutely crazy, defying logic."" He added that the decision to withdraw the appeal was more ""to prevent the politics of Hindutva [Hindu nationalism] from being ridiculed in the face of severe criticism from all quarters."" The AWBI reneged on its appeal on Friday saying it ""stands withdrawn."" It was only on Wednesday when its statement read that ""hugging cows [would] bring emotional richness and increase individual and collective happiness.""",renege on [pron] appeal,positive
"No shit, I silently voiced to myself. Attempting to lockpick the chains that wrapped around his arms, voices closed in on our location, the faint footsteps growing ever louder. “Quick! Get back in the vent, and leave. Do not come back. If we meet again, it won’t be in this city.” He said hurriedly, the flash of panic on his face didn’t help my nerves at all. Listening to his advice. I couldn’t bring myself to stay longer. Fuck, Al. I quickly ran for it after exiting the vent; it hurt a bit to lose such an invaluable friend. Were they moving him to the…other city? So many things were flicking through my slightly scattered mind, and most of them were angry but sad. I’d done numerous kinds of research on the outer cities, and the capital of the infected, Alcatraz, which they named after the prison – felt like it fit the name pretty well from what I’d read. Not to mention the unmutated had cut any remaining connecting land with infected land, it was…tragic.",run for [pron],positive
"Of the 3,500 pending criminal cases in 2015, less than half made it to trial.",make it,positive
"Okay I died. There was some light there when I was panning. Yeah, that's what made me miss the shot. My ping is fine. Anyways yeah you can see what I mean by the frame rate. That's what I really don't like about this device. It can't keep up with the game, basically. So when I was shooting him, basically I was shooting at all the wrong places, not because of my ping, but it's because of the graphics lagging, basically. All right, so let's head over to COD Mobile.",keep up,positive
"On Friday's edition of NBC's ""MTP Now,"" Colorado Gov. Jared Polis (D) said that he has ""a lot of concern"" over what will happen when Title 42 ends in May, he hopes the Biden administration has a plan for when the policy ends, and that ""If they do, they haven't shared it fully with us yet."" And said that ""we've said, you need a plan. We want them to vet it with us.""",vet with [pron],positive
"On Friday, Russia launched the 14th round of massive strikes on Ukrainian energy facilities and other vital infrastructure. High-voltage infrastructure facilities were hit in the eastern, western and southern regions, resulting in power outages in some areas. Ukraine's energy company, Ukrenergo, said Saturday that the situation was ""difficult but controllable,"" adding that involved backups to keep up power supplies but noting that power rationing will continue in some areas. Ukraine's military chief, Gen. Valerii Zaluzhnyi, said that Russian forces launched 71 cruise missiles, 35 S-300 missiles and seven Shahed drones between late Thursday and midday Friday, adding that Ukrainian air defenses downed 61 cruise missiles and five drones.",keep up,positive
"On Sunday, though, there is nobody to help you out of your hole.",help out of [pron] hole,positive
"On entering the Forest Mall, you’d feel like you have accidentally fallen down the rabbit hole in Alice’s Adventures In Wonderland. The tall tree trunks surround the buildings, and the lawn and stream are beautifully juxtaposed, drawing the masses into a forest full of life and vitality.",fall in wonderland,positive
"On the contrary, upon even the tiniest of their problems, they will come to us and we will resolve it.",come to [pron],positive
"Once you start to read this book, it’s hard to put down.",put down,positive
One Twitter user took to the site recently to declare her happiness that 'the rest of the internet thinks that Hope Solo and Jennifer Carpenter are actually identical.',take to the site,positive
"One of the friends came up with the idea of taking a dramatic selfie on the roof of the wagon, the police communications desk in Khmelnytskyi Oblast reported to FAKTY.",come up,positive
"One of the lawyers told AP the trial was chaotic, with Bouteflika refusing to answer the judge's questions and walking out.",walk out,positive
"One person in particular has, very weirdly, tried to take credit for my weight loss.",take for [pron] weight loss,positive
Only the top eight athletes made it into the final.,make it,positive
Other security solutions just don’t have the resources to keep up with new threats as they emerge.,keep up,positive
"Palace is fourth on the table, a play-off position having relinquished top position in the past few weeks in which they have somehow gone off the boil.",go off the boil,positive
"Paltrow has two children, Apple (16) and Moses (14), with ex-husband Chris Martin and she wants them to have good values and not get by on their parents fame.",get on [pron] parent,positive
"Polis stated that he wishes that more time was spent on the issue of immigration during the meeting of governors at the White House, but the issue ""came up.""",come up,positive
"Polis stated that he wishes that more time was spent on the issue of immigration during the meeting of governors at the White House, but the issue ""came up."" We did have Secretary Mayorkas there for part of it. And so, we brought up, again, there's a lot of concern I share about what will happen when Title 42 ends in May and so, making sure that the federal government has a plan. We hope they do. If they do, they haven't shared it fully with us yet. But we've said, you need a plan. We want them to vet it with us. We want to make sure it's not what we experienced in December times five or times three, that would be a disaster for the country and it would be terrible for the Biden administration.",come up,positive
Prime Minister Boris Johnson has been dealt another blow in his push for an early election in the United Kingdom.,deal in [pron] push,positive
"Responding to a tweet suggesting installing the Labour leader or another temporary prime minister, she said: ""Agree with this.",agree with [pron],positive
"Right away, let’s answer the main question that comes up with the slightest upset or conflict in the banking sector or close to it: depositors are in no danger, if anything, the reliability of the banking system will improve.",come up,positive
"Right now, economists are taking stock of the past six months and we will complete this work within the next two to three weeks’, Interfax quotes Golodets as saying.",take stock,positive
Roberts Bukarts made it to Zlín and Ralfs Freibergs is about to sign a contract.,make it,positive
Rumour has it that ČEZ has already been sending you signals.,have it,positive
"Russian athletes, Sergei Kamensky and Kirill Grigoryan, made it into the final of the smallbore rifle prone shooting competition at the Olympic Games in Brazil.",make it,positive
Russian foil fencers defeated the Americans and made it through to the tournament final at the Olympic Games.,make it,positive
"Sage, who served as Creative Director of Traveler Archives, said: ""If Sinatra lives today, he is likely to sing a song for Beijing."" He said that living in this city will make you feel like “living in a new age”, which means that you can always keep up with the trends.",keep up,positive
"Security video, which has never been released, showed Alford stopped in the drive-thru when a second car pulled up behind him.",pull up,positive
"Security video, which has never been released, showed Alford stopped in the drive-thru when a second car pulled up behind him. Three suspects were then seen getting out of that car. One of them walked up to the driver's side, and shot Alford. The four people in Alford's car jumped out and ran. The suspects were then seen getting back into their car and driving away.",pull up,positive
She added: 'Birmingham council knows how to deal with this by getting long injunctions to protect their parks.,deal with [pron],positive
"She hasn't lost an all-around competition since the summer of 2013, a winning streak that should go for as long as Biles wants it to.",go for,positive
She put down her phone only to return later that evening to tweets about people gathering on Canfield Drive.,put down,positive
She went to the mall.,go to the mall,positive
She will be going to the mall.,go to the mall,positive
She would have been going to the mall.,go to the mall,positive
"Shell, for its part, has trimmed thousands of people from its payroll and announced plans to leave oil and gas operations in up to 10 countries as it streamlines its operations in the wake of its mega-merger with British energy company BG Group.",trim for [pron] part,positive
"Since Monday, Wang's family has been placed under house arrest, according to CHRD. He has two young children. Others connected to his case have also come under pressure. Late on Wednesday, six armed police detained Xie Yang, a rights lawyer, and Chen Yanhui, an activist, who had met at a hotel to discuss Wang's case. They were released on Thursday.",come under pressure,positive
"Sixthly, it is necessary to reinforce CPPCC’s self-construction with an emphasis on beefing up its competence in performing duties, improve the duty-performing system, and enhance the duty-performing efficiency.",beef up,positive
So now I'm training back home in Zlín and I'll wait for something to come up.,come up,positive
"So when it pushed a lens to some users this week that gave them slanted eyes, distorted teeth and puffy cheeks, some critics called it a racist caricature of Asian people - ""yellowface.""",call it,positive
"So, I call it ""do-it-yourself integration"".",call it,positive
"So, this do-it-yourself integration is important, because otherwise it will all remain on you, [PERSON8], and you don't want to be overloaded.",remain on [pron],positive
"So, you are very busy with this, I don't want to put any other things on you, so let me start with the reminders.",put on [pron],positive
"Sold for £25 ($33) plus VAT and limited to only one item per person at several shops, the shirt has been in such demand that people queued around blocks to get it.",get it,positive
"Some interesting details have started to come to light regarding the Chairman of the Executive Board of the Kavuklar Group, Abdullah Kavuk and the Chairman of the Executive Board of the Küçükbay Group, Ahmet Küçükbay, who were detained because they provided financial support to FETO.",come to light,positive
"Some items used by Vidyasagar, gathering dust in the storeroom of the house, will be brought out for public viewing at the museum.",gather dust,positive
"Somebody called it ""Snow White and the Seven Dwarfs.""""",call it,positive
Someone taking it upon themselves to police how and where people park?,take it,positive
"Soon thereafter, it came to light that there were two bombs filled with toxic gas.",come to light,positive
"Speaking of the brand's origins, elsewhere in the interview Demna said one of the most ""painful"" parts of the backlash was tarnishing ""the name of Balenciaga and the legacy of Cristóbal Balenciaga."" ""Balenciaga is a house that is over one century old and is based on strong and beautiful creative values, and I have been busy doing all in my creative power to bring it to its modern relevance, and suddenly we were under attack and labeled as something we're not at all,"" Demna said. ""We certainly made a huge and stupid mistake with the gifting campaign, and we certainly have learned from it.""",bring to [pron] modern relevance,positive
Step 8: Sign our names on a sheet of paper as we left to be clocked out.,clock out,positive
Super awesome light My 5 year old absolutely loved this light It didn’t last long he got it for his birthday in January it’s February already has trouble with the buttons and doesn’t run bright with plug in eats up batteries even tried recharging batteries Super cool but needs improvement,get it,positive
"Süle took to the field alongside Kimmich, Rudy in front of the defence – both performed excellently.",take to the field,positive
"Thank you to those people who have downloaded the latest update to Leasey. A few very small difficulties have come to light. Nothing to set alarm bells ringing but nevertheless they are being addressed. A small update will be produced next week to correct them. Most of yesterday was spent installing the new update for some customers, and everyone who does need that assistance should have received it by now. Have a good day!",come to light,positive
"That’s right, because all of the departments of the State Traffic Safety Inspectorate have run out of forms.",run out of form,positive
"The 35-year-old star dumped the NBA player for good earlier this year after he was accused of cheating on her with family friend Jordyn Woods - having previously cheated when she was nine months pregnant with their daughter, True.",cheat on [pron],positive
"The 7th and 10th Light Dragoons were converted to hussars at the same time as the 15th, the 18th Light Dragoons followed suit somewhat later; the 'conversion' amounted to little more than a change of uniform and the adoption of moustaches.",follow suit,positive
"The Australian prime minister (threatening sanctions), international human rights advocates, and even the Pope came to his defense.",come to [pron] defense,positive
"The Bank of England has warned economic growth will remain ""sluggish"" as it kept interest rates on hold amid a tightening squeeze on family incomes.",keep on hold,positive
The CDU fraction in the Münster (West) district administration came up with the idea to lengthen the exit.,come up,positive
"The EU is good at setting rules and red lines and sticking to them; it's less good at unilaterally imposing its will. The UK is hemmed in by its own internal contradictions, at least until an election or a second referendum breaks the impasse.",stick to [pron],positive
"The Hoops went on to win the Premier Division by 13 points but Duffy soon had City further ahead with a long-range effort which managed to squirm under keeper Leon Pohls and into the net. Last season's runners-up were two goals to good at the break. Graham Burke went closest to reducing the arrears in the second period but the Candystripes were comfortable winners a week prior to their quest for national glory. City boss Ruaidhri Higgins praised his team after what he said was the ""hardest week of my life"" following the death of his brother Kevin. ""It's a kick in the teeth and there's tough weeks ahead but we'll get on with it in his memory,"" said Higgins. ""To beat Shamrock Rovers and deservedly so with a good performance is really pleasing.""",get on,positive
The Ministry of Transport came up with this proposal.,come up,positive
"The Munich district mental asylum ""Auf der Auer Lüften"" had come to life there in 1858/59.",come to life,positive
The Russian men's team made it into the final of the 4x100 m medley relay.,make it,positive
"The V-gas causes its driver to become extremely thirsty and if the driver consumed any compound containing water, it would tamper with his mentality and would develop a strong phobia of speed.",tamper with [pron] mentality,positive
The advert is a little mad but I took it for what it was.,take it,positive
"The alleged attack on her office came as Boris Johnson came under scrutiny for his use of ""inflammatory"" language, with Jeremy Corbyn saying the Tory was encouraging people to act in ""disgraceful and abusive"" ways.",come under scrutiny,positive
"The automaker said in a statement Thursday that it was ""very concerned about the significant confusion"" surrounding employee health insurance and that it had ""chosen to work with our providers to keep all benefits fully in place"" for workers on strike.",keep in place,positive
"The battle to avoid the two remaining relegation places went to the wire as Aston Villa scored in the 84th minute, conceded a minute later, then held on for 1-1 draw at West Ham to survive.",go to the wire,positive
The book was hard to keep up with as it jumped around a lot.,keep up,positive
"The book was hard to keep up with as it jumped around a lot. Also the title doesn’t fit the story. The author indicated several people were infected by this alien, however left out may details on when or how it happened. I was confused at times and had to go back and re read a lot to make sure I didn’t miss anything.",keep up,positive
"The boy had also claimed that his daily sale has been down due to the pandemic and the loss of his stock will put additional financial burden on him, in the video.",put on [pron],positive
"The closure of the Ilinden, Kapitan Petko Voyvoda and Makaza checkpoints has increased traffic across the border near Petrich. There are no problems with the transition. There are no queues of trucks. All those waiting go to sea in Greece. Travelers wait about an hour and a half to cross the Tower.",go to sea,positive
"The company calls it ""personal empowerment through data.""",call it,positive
The couple broke up while she was away.,break up,positive
"The cover revelation was followed by a bizarre (or simply Keeping Up with the Kardashians-esque?), scripted reality video that featured the entire Kardashian-Jenner family (bar troublemakers Rob and Caitlyn, and joined by everyone's favourite showbiz uncle, Keeping Up producer Ryan Seacrest) forgetting about their sister's cover, only to end with the classic twist: they were all planning a surprise party.",keep up,positive
"The days rolled past before I could even realize it. It was a few days since Alborn was taken away – to where I had no clue, but I knew he was taken somewhere. Those outfits seemed familiar, but no way was I going to figure it out on the first try. Sighing, I placed my hands on the system in front of me, emanating a red and purple glow – I could hack the security, the place isn’t far, and I doubt they took measures...Maybe I shouldn’t. Of course, against all morals, my fingers moved without my knowing, pulling up multiple screens; god I’m good. I was pretty popular on a couple of websites, they referred to me as “WRAITH.” Which was a pretty catchy name. Granted my name on any site is WR417H, but I like to think the public came up with it.",pull up,positive
The district is taking it as a reason to investigate the matter afresh.,take it,positive
"The dog is now kept mostly inside and when it does come out, it's quick or the owner goes out with it.",go with [pron],positive
"The expert who played the carillon in July called it something else: ""A cultural treasure"" and ""an irreplaceable historical instrument.""",call it,positive
The fact that Morrison used his speech to the UN to talk about action on climate shows he does not want to lose voters in the middle who expect their political leaders to take it seriously.,take it,positive
"The flat is on the top floor of a new development, which made it possible to come up with a completely new layout and several other modifications.",come up,positive
"The four-bedroom house at 18 Tryon Ave , is scheduled to go under the hammer at 2pm (Saturday, September 28), and will be open for inspection and registration from 1.15pm.",go under the hammer,positive
"The grill of my car was ripped off by a large something flying down the interstate so I needed a replacement. I was afraid after reading some reviews that this wouldn't fit, but it was perfect! I own a 2013 Corolla LE. I didn't put it on myself--I had a guy at a body shop do it for me--but it looked really easy. It just snapped right on in less than 5 minutes. I gave it a 4 star for the sturdiness because it does seem pretty flimsy (time and flying debris will tell), but over all I'm very satisfied that my car no longer has a gaping maw on the front now and that the price was reasonable.",put on [pron],positive
The incident is the first time for the police to kill terror suspects before the incident after Canadian Prime Minister Justin Trudeau came to power last year.,come to power,positive
"The incident triggered quite a response online, with people calling it a scandal.",call it,positive
"The investigation accused him of bribery: allegedly, at his behest, regional businessmen in Arkhangelsk Oblast and Komi Republic were receiving state orders for kickbacks, but they weren’t delivering on their commitments to clean the separable parts of the launch vehicle.",deliver on [pron] commitment,positive
"The king, Labella, is said to have travelled the 1,600 miles to Jerusalem. Legend has it, when he returned and Jerusalem fell to the Islamic conquest, Lalabella ordered a new home for Christianity. Each church was carved from a single piece of rock to symbolize spirituality and humility. The Christian faith inspired many features receiving biblical names, even Lalabella's river is known as the River Jordan. Lalabella remained the capital of Ethiopia from the late 12th to the 13th century.",have it,positive
"The literature class hatred is even worse: I love to read. I hit most of the classics before eighteen--though that's more a reflection of living in bumfuck nowhere, I also read the 1979 Encyclopedia Brittanica in desperation.",live in bumfuck,positive
"The man reported the theft of expensive tools from the workshop, which dealt a serious blow to his business.",deal to [pron] business,positive
"The museum will come up at Vidyasagar's residence at Badur Bagan area where pictures and models, chronicling his life from his birth place at Birsinghapur village in Paschim Medinipur district to the house in north Kolkata, will be put on display, he said on Thursday.",come up,positive
"The nation's first ""astral path"" is to come to life in the Harz.",come to life,positive
The next morning I come into work and Jerry (not his real name) comes up to me looking pissed about something.,come up,positive
The novelty has worn off.,wear off,positive
The novelty will wear off and use will subside in due course.,wear off,positive
"The number of North Korean defectors to South Korea has fallen since Kim Jong-un came to power seven years ago, a South Korean lawmaker has said.",come to power,positive
"The other day, information made it into the media about how Italy, faced with the issue of African refugees sailing from Libya, feels like it is being left high and dry by its allies in the EU.",make it,positive
"The positive cases came to light after a mass medical screening camp was held at the bank recently, the officials said.",come to light,positive
The taxi driver put a sticker over the decimal on the clock to lift 357 crowns from tourists.,put on the clock,positive
"The two Chinese men made it to the final, as expected, and fought each other for the title.",make it,positive
The window of opportunity to make any positive changes has definitely closed at the turn of the millennium when the former KGB (sic!) officer Vladimir Putin came to power.,come to power,positive
"There is still another away game coming up for our team: on August 11 at 7 p.m. in Moscow at the Eduard Streltsov “Torpedo” Stadium, the Novomoskovsk players will take on the favorites of the Center Group, FC Ararat, whose lineup includes, Roman Pavlyuchenko, Marat Izmailov, Igor Lebedenko, Aleksei Rebko.",come up,positive
These issues are not in our control so please keep this in mind.,keep in mind,positive
They already ran out of land.,run out of land,positive
"They cannot break up with their companion, or walk out.",break up,positive
They had gone to the mall.,go to the mall,positive
They kept in touch over the years.,keep in touch,positive
"They said to us: “You, it seems, are very brave people for coming to us on today of all days”.",come to [pron],positive
"They think you're sad and will be pleased because they got to you.""",get to [pron],positive
They will have gone to the mall.,go to the mall,positive
"This could be the result of their complexes or mine, because I think they’re used to being able to shit on me and I, in turn, am now even less willing to take their shit.",shit on [pron],positive
This is my personal Mandela effect thing. I'd never seen it in a cookbook. I'd never seen it at the fancy grocer or any of the Italian delis. I'd never seen anyone's mom make it or had it shoved at me at a party or seen it appear in conjunction with anyone's saucemaking escapades or baking days,make it,positive
"This is why the commune's homes need to be beefed up, as it is so neatly put.",beef up,positive
This latest protest comes just days after protesters took to the streets en masse to support suspended President Dilma Rousseff as the country's senate voted for her impeachment.,take to the street,positive
"This week the UN's humanitarian chief warned that Afghanistan's economic collapse was ""happening before our eyes"" and urged the international community to take action to stop ""the freefall"" before it leads to more deaths.",happen before [pron] eye,positive
"Those who set up a picnic in a public place or go for a bicycle ride in pedestrian areas will be forced to pay 100 euros, TASS reports, with reference to the Association of Tour Operators of Russia.",go for,positive
"Tired of not making it onto the team, Taimuraz decided to change sports nationality.",make it,positive
"To be on the safe side, drivers still get international permits, but it should be kept in mind that in countries that haven’t ratified the convention, for example, the United States, Spain, Mexico, and Indonesia, the authorities have the right to refuse both national permits and the IDP.",keep in mind,positive
"To beef up the ‘muscles’ of this crazy ‘Gelik’, the experts took advantage of the benefits offered by the 5.5-litre supercharged V8 engine.",beef up,positive
Today we're making some beautiful vintage Easter craft. Keep watching! I'm Brandy and this is Making it my own DIY. Welcome! The first project are going to be two Easter ornaments. I'm going to start off with two little ornaments here and you can use whatever you have on hand. I've got these little decor eggs from Dollar Tree.,make it,positive
Tomáš Rosický goes to ground.,go to ground,positive
Tough talk 'and then we fell in love',fall in love,positive
"Troops fired on a peaceful demonstration at the plaza on Oct. 2, 1968, killing as many as 300 people at a time when leftist student movements were taking root throughout Latin America.",take root,positive
Trump issued the executive order to build the wall shortly after coming to power.,come to power,positive
"Two adults came in to break up the attack, with one adult pulling the teens apart.",break up,positive
Unfortunately only had it a week and opened the one door and it cracked the top of the wood piece!,have it,positive
"Unlike traditional hypermarkets and supermarkets, Hema Supermarket is, in the eyes of many consumers, a popular Internet store that is fun and has good food. Some intermediaries have even come up with the concept of “He district housing” (housing within a 3km radius of a Hema Supermarket).",come up,positive
Various people smiled to themselves.,smile to [pron],positive
"Wandering the dark streets late at night wasn’t usually the best option, but honestly, it was better than staying in that stuffy apartment; hell most of the time you could hear the neighbors having sex more than you could hear your music. With a quick, breathy sigh, I returned my gaze to the walk ahead–I’ll probably make my way towards Al’s Pawnshop; just a place I find junk that looks interesting, as a pastime. Quick regret flushed over me as I heard footsteps close behind, maybe I'm overthinking it, but nobody hung around this place unless they wanted to get mugged, or beaten up. It was popular for its mafia and gang activities…",flush over [pron],positive
"Warren replied that it's time ""for women to go to Washington to fix our broken government, and that includes a woman at the top.""",go to washington,positive
"We both have sons, and we were bearing in mind that we are not just role models for girls but boys - and not just our sons, but generally in public too.",bear in mind,positive
We do not have a multinational investor with deep pockets backing us. We are two regular guys - one who had a great idea and another who jumped on the bandwagon with additional suggestions and ideas.,jump on the bandwagon,positive
We had been going to the mall.,go to the mall,positive
We have no credible evidence that they got it wrong.,get it,positive
We joined the Party since the first year we entered the college. We have a firm belief. A person shall have such an idea and keep such a firm faith which shall bedeeply rooted in his heart.,root in [pron] heart,positive
"We played it in 2005 when it was leaked that Bush had circumvented FISA, breaking federal law countless times by warrantlessly wiretapping Americans.",play it,positive
"We should not only change the hardware, but the software must also keep up.",keep up,positive
"We should take root among the masses and serve the people, we should come up with fine works and align with the central government from thought to soul. Eulogizing our socialist",take root,positive
"We sincerely regret that these statements were made, and that they were allowed to go to air.",go to air,positive
We want them to vet it with us.,vet with [pron],positive
We will have been going to the mall.,go to the mall,positive
"Welcome. Welcome, everyone. I'm just going to make sure that all of this is working. It just takes a minute. So I came on a bit early just to make sure, just washed my hands and getting ready to go. So I'm just finishing setting up. I think we're good. I'm going to make mistakes so I can feel it. It's one of those days. So I'll just wait until people get on and then we'll get started.",get on,positive
"Well, it still sounds better than Pink Floyd, so in Manic Miner, you collect all the items on the screen and head to the goal. And you gotta do it before you run out of air or hit something. Hit what exactly? Weeds! You can die from touching grass. It sounds like half my fanbase. And did you notice I died from touching a weed that was on a completely different platform? I just went through the platform and then hit the weed. That's good game design, man. And then there's this asshole over here who's gone.",run out of air,positive
"When 2017, which was just around the corner, was mentioned, Zhao Lei said, “After the tour ends next year, I want to go away and be alone to take stock for a while, and write more new works.”",take stock,positive
"When Amazon made it to the world’s top 10 list of retailers, it announced that it would venture into these two physical markets; this is worth pondering, both in terms of opportunity and motive.",make it,positive
"When Associated Press took stock of the 2017 “big winners” in corporate America, Amazon was first on the list.",take stock,positive
"When I try to get it into the port to charge it, however, it launches right back out.",get it,positive
"When Mr Putin came to power, he named Mr Ivanov as one of the five people he trusted most.",come to power,positive
"When he stopped making it onto our national team, the time had come to start thinking about changing nationality.",make it,positive
"When the conservative radio host Hugh Hewitt tried to help Mr. Trump soften the remark by reminding him that Mr. Obama wants to destroy ISIS, the Republican presidential nominee would not have it.",have it,positive
"While I loved the premise of this story, and at times Grady, he really got on my nerves.",get on [pron] nerve,positive
"While Ri reprised familiar North Korean complaints about Washington's resistance to a ""phased"" approach to denuclearization under which North Korea would be rewarded as it took gradual steps, his statement appeared significant in that it did not reject unilateral denuclearization out of hand as Pyongyang has done in the past.",reject out of hand,positive
"While World Vision's staff from Donggala have made it safely to Palu city, where employees are sheltering in tarpaulin shelters set up in the courtyard of their office, they passed scenes of devastation on the way, Mr. Doseba said.",make it,positive
"While many baseball legends take to the great stage over their last few games, Rodriguez had to sit on the sidelines.",sit on the sideline,positive
"While the rescue force patrols the city, we'll take care of watching over the museum in the box. It wouldn't be a good idea for the villains to try and steal the cabbonita with us waiting inside. We've run out of money! We'll have to steal that diamond and sell it! Otherwise, we'll have to do our experiments with solar pap. How are we going to get the bots inside? It's all taken care of.",run out of money,positive
"While we were working to achieve this, some issues came up among the Gulf nations.",come up,positive
"With 77,000 views and hundreds of comments, the video has received mixed reactions from viewers, with many saying it makes light of the ""horrors"" of the dairy industry.",make light,positive
"With its lens tool, Snapchat allows some 150 million daily users to alter reality and play with identity in ways that border on the absurd.",play with identity,positive
"Wolf Fandel: ""A shopping centre with a covered market doesn't match up for me.",match for [pron],positive
Wollstonecraft's only house for sale going under the hammer,go under the hammer,positive
Would you clamp down on that as prime minister?,clamp on [pron],positive
"Writing on Twitter, the drag queen said the day had been ""proper emotional,"" adding that five protesters had gained entry to the Tate and ""caused a disruption"" in parts of the building, but they did not affect the readings. She had previously told Pink News that the invite to the Tate for the event during LGBTQ+ history month had been ""an honour."" Her readings have previously been targeted by protesters. The Drag Queen had said that ""risk assessments"" had taken place beforehand - but added it was ""ridiculous"" that they were necessary. Aida tweeted: ""5 haters made it into the Tate. They caused a disruption. BUT not to Drag Story Hour UK ...They made a fuss elsewhere in the building, not where the show was!! SHOW 2 went swimmingly!!!"" Aida had been staging three storytelling sessions on Saturday at 11am, noon and 2pm. A spokesperson for the Tate said: ""We do not programme artists in order to promote particular points of view, nor to reconcile differing points of view."" Our galleries offer a broad programme and visitors have the freedom to choose which aspects of it they engage with.""",make it,positive
"Yet this National Theater of Greece production unleashes gale-force sound and fury. At its peak, the show hits like a blow to the solar plexus, taking your breath away - the impact is only slightly dulled by watching online.",take breath,positive
You are going to the mall.,go to the mall,positive
"You can make it at home, but the genuine pink gari ginger has unique spicy and delicious taste thanks to a secret recipe, which is used to make it from various types of vinegar and ginger.",make it,positive
"You don't like to play for pride,'' Washington coach Mike Shanahan said, ''but sometimes that's the card that's dealt, and that's where we're at right now.'",play for pride,positive
You have been going to the mall.,go to the mall,positive
You would be going to the mall.,go to the mall,positive
"Zammuto said the company’s technology buries the negative information a search engine, such as Google, may turn up.",turn up,positive
"Zhang Chun said, “I kept thinking of using one-fiftieth of other people’s budget to come up with an image effect that was completely identical to these other people’s. I drove our entire team up the wall.”",come up,positive
and I have never really come to terms with it.,come to term,positive
"none of them can be solved. At this stage, you have to stick to it and keep going.",stick to [pron],positive
"the confidence and strength of the people across the country in remaining true to our original aspiration, keeping our mission firmly in mind and struggling in an unswerving way.",keep in mind,positive
"to pay respect to the 1st National Congress of the CPC and the red boat on South Lake for announcing the firm political belief of the new generation of Party leadership. The move has greatly built up the inner strength of the numerous Party members and cadres in remaining true to our original aspiration, keeping our mission firmly in mind and",keep in mind,positive
"to promote great practice with great spirit, never forget their initial mission, keep their mission firmly in mind, and make unremitting efforts to achieve the tasks put forward by the 19th National Congress.",keep in mind,positive
"we came up during a golden age of media, with a collective consciousness around pop culture that no longer exists.",come up,positive
we parroted these references back and forth to one another with the assumption that most people would get it.,get it,positive
"‘This place is older than Sumer by a thousand years’, says Boyadzhiev, bearing in mind the generally accepted view that urban culture originated in Southern Mesopotamia, which is modern Iraq.",bear in mind,positive
"“Be thrifty for the people. Those whose duty are to be frugal must live frugally. A return to the current simple and down-to-earth meeting environment, we fully comprehend and welcome it.” GuangAn People’s Congress deputy Wang Cheng said that an efficient and practical meeting without formalism is what they want to see and in which they want to participate.",want in [pron],positive
"“Chinese caviar” not only made it to the first class cabin in Lufthansa, it also made an appearance at the Oscars’ dinner banquet, as well as the dinner banquet of the welcoming ceremony of the G20 Hangzhou Summit.",make it,positive
